<ImportExportXml version="6.1.0004.0145" SolutionPackageVersion="6.1" languagecode="1031" generatedBy="OnPremise" xmlns:xsi="http://www.w3.org/2001/XMLSchema-instance">
  <SolutionManifest>
    <UniqueName>QProfile</UniqueName>
    <LocalizedNames>
      <LocalizedName description="Q Profile" languagecode="1031" />
    </LocalizedNames>
    <Descriptions>
      <Description description="Q-Profilverwaltung" languagecode="1031" />
    </Descriptions>
    <Version>1.0.0.0</Version>
    <Managed>0</Managed>
    <Publisher>
      <UniqueName>inwerken</UniqueName>
      <LocalizedNames>
        <LocalizedName description="Inwerken" languagecode="1031" />
      </LocalizedNames>
      <Descriptions />
      <EMailAddress xsi:nil="true"></EMailAddress>
      <SupportingWebsiteUrl xsi:nil="true"></SupportingWebsiteUrl>
      <CustomizationPrefix>inw</CustomizationPrefix>
      <CustomizationOptionValuePrefix>10000</CustomizationOptionValuePrefix>
      <Addresses>
        <Address>
          <AddressNumber>1</AddressNumber>
          <AddressTypeCode>1</AddressTypeCode>
          <City xsi:nil="true"></City>
          <County xsi:nil="true"></County>
          <Country xsi:nil="true"></Country>
          <Fax xsi:nil="true"></Fax>
          <FreightTermsCode xsi:nil="true"></FreightTermsCode>
          <ImportSequenceNumber xsi:nil="true"></ImportSequenceNumber>
          <Latitude xsi:nil="true"></Latitude>
          <Line1 xsi:nil="true"></Line1>
          <Line2 xsi:nil="true"></Line2>
          <Line3 xsi:nil="true"></Line3>
          <Longitude xsi:nil="true"></Longitude>
          <Name xsi:nil="true"></Name>
          <PostalCode xsi:nil="true"></PostalCode>
          <PostOfficeBox xsi:nil="true"></PostOfficeBox>
          <PrimaryContactName xsi:nil="true"></PrimaryContactName>
          <ShippingMethodCode>1</ShippingMethodCode>
          <StateOrProvince xsi:nil="true"></StateOrProvince>
          <Telephone1 xsi:nil="true"></Telephone1>
          <Telephone2 xsi:nil="true"></Telephone2>
          <Telephone3 xsi:nil="true"></Telephone3>
          <TimeZoneRuleVersionNumber xsi:nil="true"></TimeZoneRuleVersionNumber>
          <UPSZone xsi:nil="true"></UPSZone>
          <UTCOffset xsi:nil="true"></UTCOffset>
          <UTCConversionTimeZoneCode xsi:nil="true"></UTCConversionTimeZoneCode>
        </Address>
        <Address>
          <AddressNumber>2</AddressNumber>
          <AddressTypeCode>1</AddressTypeCode>
          <City xsi:nil="true"></City>
          <County xsi:nil="true"></County>
          <Country xsi:nil="true"></Country>
          <Fax xsi:nil="true"></Fax>
          <FreightTermsCode xsi:nil="true"></FreightTermsCode>
          <ImportSequenceNumber xsi:nil="true"></ImportSequenceNumber>
          <Latitude xsi:nil="true"></Latitude>
          <Line1 xsi:nil="true"></Line1>
          <Line2 xsi:nil="true"></Line2>
          <Line3 xsi:nil="true"></Line3>
          <Longitude xsi:nil="true"></Longitude>
          <Name xsi:nil="true"></Name>
          <PostalCode xsi:nil="true"></PostalCode>
          <PostOfficeBox xsi:nil="true"></PostOfficeBox>
          <PrimaryContactName xsi:nil="true"></PrimaryContactName>
          <ShippingMethodCode>1</ShippingMethodCode>
          <StateOrProvince xsi:nil="true"></StateOrProvince>
          <Telephone1 xsi:nil="true"></Telephone1>
          <Telephone2 xsi:nil="true"></Telephone2>
          <Telephone3 xsi:nil="true"></Telephone3>
          <TimeZoneRuleVersionNumber xsi:nil="true"></TimeZoneRuleVersionNumber>
          <UPSZone xsi:nil="true"></UPSZone>
          <UTCOffset xsi:nil="true"></UTCOffset>
          <UTCConversionTimeZoneCode xsi:nil="true"></UTCConversionTimeZoneCode>
        </Address>
      </Addresses>
    </Publisher>
    <RootComponents>
      <RootComponent type="1" schemaName="contact" />
      <RootComponent type="1" schemaName="inw_project" />
      <RootComponent type="1" schemaName="inw_project_assignment" />
      <RootComponent type="1" schemaName="inw_proj_resource" />
      <RootComponent type="1" schemaName="inw_skill" />
      <RootComponent type="1" schemaName="systemuser" />
    </RootComponents>
    <MissingDependencies>
      <MissingDependency>
        <Required key="0" type="1" schemaName="inw_work_assignment" displayName="Beauftragung" solution="Active" />
        <Dependent key="1" type="10" schemaName="inw_inw_work_assignment_contact" displayName="inw_inw_work_assignment_contact" parentSchemaName="inw_work_assignment" parentDisplayName="Beauftragung" />
      </MissingDependency>
      <MissingDependency>
        <Required key="2" type="1" schemaName="inw_job_posting" displayName="Stellenausschreibung" solution="Active" />
        <Dependent key="3" type="10" schemaName="inw_inw_job_posting_contact" displayName="inw_inw_job_posting_contact" parentSchemaName="inw_job_posting" parentDisplayName="Stellenausschreibung" />
      </MissingDependency>
      <MissingDependency>
        <Required key="4" type="1" schemaName="account" displayName="Firma" solution="System" />
        <Dependent key="5" type="10" schemaName="inw_account_inw_project" displayName="inw_account_inw_project" parentSchemaName="inw_project" parentDisplayName="Projekt" />
      </MissingDependency>
      <MissingDependency>
        <Required key="6" type="26" schemaName="Meine Aktivitäten" displayName="Meine Aktivitäten" parentSchemaName="activitypointer" parentDisplayName="Aktivität" solution="System" id="{00000000-0000-0000-00aa-000010001899}" />
        <Dependent key="7" type="60" displayName="Informationen" parentDisplayName="Projekt" id="{8f5653dc-dd84-4399-976a-ee609675e407}" />
      </MissingDependency>
      <MissingDependency>
        <Required key="8" type="59" schemaName="Aktivitäten nach Besitzer" displayName="Aktivitäten nach Besitzer" parentSchemaName="activitypointer" parentDisplayName="Aktivität" solution="System" id="{b0a37236-5293-de11-97d4-00155da3b01e}" />
        <Dependent key="7" type="60" displayName="Informationen" parentDisplayName="Projekt" id="{8f5653dc-dd84-4399-976a-ee609675e407}" />
      </MissingDependency>
    </MissingDependencies>
  </SolutionManifest>
</ImportExportXml>