<ImportExportXml version="6.1.0004.0145" SolutionPackageVersion="6.1" languagecode="1031" generatedBy="OnPremise" xmlns:xsi="http://www.w3.org/2001/XMLSchema-instance">
  <SolutionManifest>
    <UniqueName>Inwerken</UniqueName>
    <LocalizedNames>
      <LocalizedName description="Inwerken" languagecode="1031" />
    </LocalizedNames>
    <Descriptions />
    <Version>1.0.0.0</Version>
    <Managed>0</Managed>
    <Publisher>
      <UniqueName>inwerken</UniqueName>
      <LocalizedNames>
        <LocalizedName description="Inwerken" languagecode="1031" />
      </LocalizedNames>
      <Descriptions />
      <EMailAddress xsi:nil="true"></EMailAddress>
      <SupportingWebsiteUrl xsi:nil="true"></SupportingWebsiteUrl>
      <CustomizationPrefix>inw</CustomizationPrefix>
      <CustomizationOptionValuePrefix>10000</CustomizationOptionValuePrefix>
      <Addresses>
        <Address>
          <AddressNumber>1</AddressNumber>
          <AddressTypeCode>1</AddressTypeCode>
          <City xsi:nil="true"></City>
          <County xsi:nil="true"></County>
          <Country xsi:nil="true"></Country>
          <Fax xsi:nil="true"></Fax>
          <FreightTermsCode xsi:nil="true"></FreightTermsCode>
          <ImportSequenceNumber xsi:nil="true"></ImportSequenceNumber>
          <Latitude xsi:nil="true"></Latitude>
          <Line1 xsi:nil="true"></Line1>
          <Line2 xsi:nil="true"></Line2>
          <Line3 xsi:nil="true"></Line3>
          <Longitude xsi:nil="true"></Longitude>
          <Name xsi:nil="true"></Name>
          <PostalCode xsi:nil="true"></PostalCode>
          <PostOfficeBox xsi:nil="true"></PostOfficeBox>
          <PrimaryContactName xsi:nil="true"></PrimaryContactName>
          <ShippingMethodCode>1</ShippingMethodCode>
          <StateOrProvince xsi:nil="true"></StateOrProvince>
          <Telephone1 xsi:nil="true"></Telephone1>
          <Telephone2 xsi:nil="true"></Telephone2>
          <Telephone3 xsi:nil="true"></Telephone3>
          <TimeZoneRuleVersionNumber xsi:nil="true"></TimeZoneRuleVersionNumber>
          <UPSZone xsi:nil="true"></UPSZone>
          <UTCOffset xsi:nil="true"></UTCOffset>
          <UTCConversionTimeZoneCode xsi:nil="true"></UTCConversionTimeZoneCode>
        </Address>
        <Address>
          <AddressNumber>2</AddressNumber>
          <AddressTypeCode>1</AddressTypeCode>
          <City xsi:nil="true"></City>
          <County xsi:nil="true"></County>
          <Country xsi:nil="true"></Country>
          <Fax xsi:nil="true"></Fax>
          <FreightTermsCode xsi:nil="true"></FreightTermsCode>
          <ImportSequenceNumber xsi:nil="true"></ImportSequenceNumber>
          <Latitude xsi:nil="true"></Latitude>
          <Line1 xsi:nil="true"></Line1>
          <Line2 xsi:nil="true"></Line2>
          <Line3 xsi:nil="true"></Line3>
          <Longitude xsi:nil="true"></Longitude>
          <Name xsi:nil="true"></Name>
          <PostalCode xsi:nil="true"></PostalCode>
          <PostOfficeBox xsi:nil="true"></PostOfficeBox>
          <PrimaryContactName xsi:nil="true"></PrimaryContactName>
          <ShippingMethodCode>1</ShippingMethodCode>
          <StateOrProvince xsi:nil="true"></StateOrProvince>
          <Telephone1 xsi:nil="true"></Telephone1>
          <Telephone2 xsi:nil="true"></Telephone2>
          <Telephone3 xsi:nil="true"></Telephone3>
          <TimeZoneRuleVersionNumber xsi:nil="true"></TimeZoneRuleVersionNumber>
          <UPSZone xsi:nil="true"></UPSZone>
          <UTCOffset xsi:nil="true"></UTCOffset>
          <UTCConversionTimeZoneCode xsi:nil="true"></UTCConversionTimeZoneCode>
        </Address>
      </Addresses>
    </Publisher>
    <RootComponents>
      <RootComponent type="1" schemaName="account" />
      <RootComponent type="1" schemaName="contact" />
      <RootComponent type="1" schemaName="incident" />
      <RootComponent type="1" schemaName="inw_hour_entry" />
      <RootComponent type="1" schemaName="inw_job_application" />
      <RootComponent type="1" schemaName="inw_job_posting" />
      <RootComponent type="1" schemaName="inw_project" />
      <RootComponent type="1" schemaName="inw_project_assignment" />
      <RootComponent type="1" schemaName="inw_proj_resource" />
      <RootComponent type="1" schemaName="inw_time_entry" />
      <RootComponent type="1" schemaName="inw_unit_of_work" />
      <RootComponent type="1" schemaName="inw_work_assignment" />
      <RootComponent type="1" schemaName="systemuser" />
      <RootComponent type="9" schemaName="budgetstatus" />
      <RootComponent type="9" schemaName="connectionrole_category" />
      <RootComponent type="29" id="{26e12602-8bee-47d6-a60d-1d590a818720}" />
      <RootComponent type="29" id="{2db5b424-cc45-471b-a06e-ad91169c0831}" />
      <RootComponent type="29" id="{5500e671-1174-464d-9ebb-ec18e7579440}" />
    </RootComponents>
    <MissingDependencies>
      <MissingDependency>
        <Required key="0" type="1" schemaName="inw_skill" displayName="Skill" solution="Active" />
        <Dependent key="1" type="60" displayName="Informationen" parentDisplayName="Benutzer" id="{c0d7d7dd-afd0-4675-85fe-1cc5a48be6df}" />
      </MissingDependency>
      <MissingDependency>
        <Required key="2" type="9" schemaName="processstage_category" displayName="Phasenkategorie" solution="System" />
        <Dependent key="3" type="29" displayName="Dienstleistungsanfrage" id="{26e12602-8bee-47d6-a60d-1d590a818720}" />
      </MissingDependency>
      <MissingDependency>
        <Required key="2" type="9" schemaName="processstage_category" displayName="Phasenkategorie" solution="System" />
        <Dependent key="4" type="29" displayName="Entwicklungsunterstützung" id="{5500e671-1174-464d-9ebb-ec18e7579440}" />
      </MissingDependency>
      <MissingDependency>
        <Required key="2" type="9" schemaName="processstage_category" displayName="Phasenkategorie" solution="System" />
        <Dependent key="5" type="29" displayName="Bewerbung" id="{2db5b424-cc45-471b-a06e-ad91169c0831}" />
      </MissingDependency>
      <MissingDependency>
        <Required key="6" type="9" schemaName="socialprofile_community" displayName="Social-Kanal" solution="System" />
        <Dependent key="7" type="2" schemaName="community" displayName="Social-Kanal" parentSchemaName="inw_time_entry" parentDisplayName="Zeiteintrag" />
      </MissingDependency>
      <MissingDependency>
        <Required key="8" type="20" displayName="Systemanpasser" solution="System" id="{36ec11fe-4232-e211-a9da-005056ac2dd4}" parentId="{119f245c-3cc8-4b62-b31c-d1a046ced15d}" />
        <Dependent key="3" type="29" displayName="Dienstleistungsanfrage" id="{26e12602-8bee-47d6-a60d-1d590a818720}" />
      </MissingDependency>
      <MissingDependency>
        <Required key="8" type="20" displayName="Systemanpasser" solution="System" id="{36ec11fe-4232-e211-a9da-005056ac2dd4}" parentId="{119f245c-3cc8-4b62-b31c-d1a046ced15d}" />
        <Dependent key="4" type="29" displayName="Entwicklungsunterstützung" id="{5500e671-1174-464d-9ebb-ec18e7579440}" />
      </MissingDependency>
      <MissingDependency>
        <Required key="8" type="20" displayName="Systemanpasser" solution="System" id="{36ec11fe-4232-e211-a9da-005056ac2dd4}" parentId="{119f245c-3cc8-4b62-b31c-d1a046ced15d}" />
        <Dependent key="5" type="29" displayName="Bewerbung" id="{2db5b424-cc45-471b-a06e-ad91169c0831}" />
      </MissingDependency>
      <MissingDependency>
        <Required key="9" type="26" schemaName="Meine Aktivitäten" displayName="Meine Aktivitäten" parentSchemaName="activitypointer" parentDisplayName="Aktivität" solution="System" id="{00000000-0000-0000-00aa-000010001899}" />
        <Dependent key="10" type="60" displayName="Informationen" parentDisplayName="Projekt" id="{8f5653dc-dd84-4399-976a-ee609675e407}" />
      </MissingDependency>
      <MissingDependency>
        <Required key="11" type="26" schemaName="Aktive Verträge" displayName="Aktive Verträge" parentSchemaName="contract" parentDisplayName="Vertrag" solution="System" id="{646de3ee-ebfb-4d19-8a44-4a619505e188}" />
        <Dependent key="12" type="60" displayName="Informationen" parentDisplayName="Anfrage" id="{f658c846-f74c-459b-b591-b97558958106}" />
      </MissingDependency>
      <MissingDependency>
        <Required key="13" type="26" schemaName="Aktive Skills" displayName="Aktive Skills" parentSchemaName="inw_skill" parentDisplayName="Skill" solution="Active" id="{1c869e08-78cd-40af-83e6-a540866dc2c9}" />
        <Dependent key="1" type="60" displayName="Informationen" parentDisplayName="Benutzer" id="{c0d7d7dd-afd0-4675-85fe-1cc5a48be6df}" />
      </MissingDependency>
      <MissingDependency>
        <Required key="14" type="26" schemaName="Vertragszeile mit Zuteilungen" displayName="Vertragszeile mit Zuteilungen" parentSchemaName="contractdetail" parentDisplayName="Vertragszeile" solution="System" id="{8fa2705c-7e4c-4c0e-b611-4593b35a4c9e}" />
        <Dependent key="12" type="60" displayName="Informationen" parentDisplayName="Anfrage" id="{f658c846-f74c-459b-b591-b97558958106}" />
      </MissingDependency>
      <MissingDependency>
        <Required key="15" type="59" schemaName="Aktivitäten nach Besitzer" displayName="Aktivitäten nach Besitzer" parentSchemaName="activitypointer" parentDisplayName="Aktivität" solution="System" id="{b0a37236-5293-de11-97d4-00155da3b01e}" />
        <Dependent key="10" type="60" displayName="Informationen" parentDisplayName="Projekt" id="{8f5653dc-dd84-4399-976a-ee609675e407}" />
      </MissingDependency>
    </MissingDependencies>
  </SolutionManifest>
</ImportExportXml>